deepneo_n,deepneo_n_pos,deepneo_auroc,deepneo_aupr,hla_allele,netmhcpan_n,netmhcpan_n_pos,netmhcpan_auroc,netmhcpan_aupr
12385,201,0.6315435298883129,0.047461212653096184,HLA-A*02:01,12385,201,0.6179442168670763,0.04279736248244246
11700,186,0.6129265727931028,0.08147990997698965,HLA-A*11:01,11700,186,0.6139708835060076,0.06814522310160985
11170,209,0.5719870668036173,0.10253015084009132,HLA-A*23:01,11170,209,0.5813689597175545,0.12036574957620778
10853,194,0.6565561458638602,0.1401863103552301,HLA-A*24:02,10853,194,0.6235686796792411,0.12849640371118415
4215,79,0.6060830497270034,0.03405536656313449,HLA-B*07:01,4215,79,,
6849,134,0.7521232260143808,0.15180394193421706,HLA-B*07:02,6849,134,0.6823940609684266,0.14480207594134292
12042,269,0.6252827258641394,0.05301997952720299,HLA-B*08:01,12042,269,0.6101701738935761,0.053600149817190794
1659,1,0.9541616405307599,0.012987012987012988,HLA-B*15:02,1659,1,0.8630880579010857,0.0043859649122807015
9757,207,0.5771793509876824,0.07593102146007771,HLA-B*27:02,9757,207,0.6029724055947593,0.05429182214069403
10234,186,0.6366676511882748,0.11935502470459308,HLA-B*35:01,10234,186,0.6072804837853572,0.09252888492091525
11473,202,0.5396210901366953,0.09791116720123069,HLA-B*44:02,11473,202,0.5706081321467255,0.09204706751582456
2559,10,0.8882699097685367,0.30828450615991165,HLA-B*57:01,2559,10,0.8626127893291486,0.2504103405850965
3269,11,0.997684022545901,0.5655178155178155,HLA-B*58:01,3269,11,0.9972933757464143,0.4711011211011211
